Workbook

Sheet QB - Stafford
A1: LA Rams 2025 | QB: Matthew Stafford — Game-by-Game Stats
A2: Regular Season (W1–W18) + Playoffs | Source: CBS Sports / NFL.com
A3: Week | B3: Date | C3: Opp | D3: Result | E3: Pass Att | F3: Pass Cmp | G3: Pass Yds | H3: Pass TD | I3: INT | J3: Rush Yds | K3: Rush TD | L3: Fumbles Lost | M3: Fantasy Score
A4: W1 | B4: Sep 7 | C4: H HOU | D4: W 14-9 | E4: 29 | F4: 21 | G4: 245 | H4: 1 | I4: 0 | J4: -2 | K4: 0 | L4: 1 | M4: =0.04*G4+4*H4+0.1*J4-2*L4 -> 11.6
A5: W2 | B5: Sep 14 | C5: A TEN | D5: W 33-19 | E5: 33 | F5: 23 | G5: 298 | H5: 2 | I5: 1 | J5: -6 | K5: 0 | L5: 1 | M5: =0.04*G5+4*H5+0.1*J5-2*L5 -> 17.32
A6: W3 | B6: Sep 21 | C6: A PHI | D6: L 26-33 | E6: 34 | F6: 19 | G6: 196 | H6: 2 | I6: 1 | J6: 0 | K6: 0 | L6: 0 | M6: =0.04*G6+4*H6+0.1*J6-2*L6 -> 15.84
A7: W4 | B7: Sep 28 | C7: H IND | D7: W 27-20 | E7: 41 | F7: 29 | G7: 375 | H7: 3 | I7: 0 | J7: 4 | K7: 0 | L7: 0 | M7: =0.04*G7+4*H7+0.1*J7-2*L7 -> 27.4
A8: W5 | B8: Oct 2 | C8: H SF | D8: L 23-26 | E8: 47 | F8: 30 | G8: 389 | H8: 3 | I8: 0 | J8: 0 | K8: 0 | L8: 1 | M8: =0.04*G8+4*H8+0.1*J8-2*L8 -> 25.56
A9: W6 | B9: Oct 12 | C9: A BAL | D9: W 17-3 | E9: 26 | F9: 17 | G9: 181 | H9: 1 | I9: 0 | J9: 1 | K9: 0 | L9: 0 | M9: =0.04*G9+4*H9+0.1*J9-2*L9 -> 11.34
A10: W7 | B10: Oct 19 | C10: A JAC | D10: W 35-7 | E10: 33 | F10: 21 | G10: 182 | H10: 5 | I10: 0 | J10: 1 | K10: 0 | L10: 0 | M10: =0.04*G10+4*H10+0.1*J10-2*L10 -> 27.38
A11: W9 | B11: Nov 2 | C11: H NO | D11: W 34-10 | E11: 32 | F11: 24 | G11: 281 | H11: 4 | I11: 0 | J11: -4 | K11: 0 | L11: 0 | M11: =0.04*G11+4*H11+0.1*J11-2*L11 -> 26.84
A12: W10 | B12: Nov 9 | C12: A SF | D12: W 42-26 | E12: 36 | F12: 24 | G12: 280 | H12: 4 | I12: 0 | J12: -3 | K12: 0 | L12: 0 | M12: =0.04*G12+4*H12+0.1*J12-2*L12 -> 26.9
A13: W11 | B13: Nov 16 | C13: H SEA | D13: W 21-19 | E13: 28 | F13: 15 | G13: 130 | H13: 2 | I13: 0 | J13: 0 | K13: 0 | L13: 0 | M13: =0.04*G13+4*H13+0.1*J13-2*L13 -> 13.2
A14: W12 | B14: Nov 23 | C14: H TB | D14: W 34-7 | E14: 35 | F14: 25 | G14: 273 | H14: 3 | I14: 0 | J14: 0 | K14: 0 | L14: 0 | M14: =0.04*G14+4*H14+0.1*J14-2*L14 -> 22.92
A15: W13 | B15: Nov 30 | C15: A CAR | D15: L 28-31 | E15: 28 | F15: 18 | G15: 243 | H15: 2 | I15: 2 | J15: -1 | K15: 0 | L15: 0 | M15: =0.04*G15+4*H15+0.1*J15-2*L15 -> 17.62
... A20: W18 | B20: Jan 4 | C20: H ARI | D20: W 37-20 | E20: 40 | F20: 25 | G20: 259 | H20: 4 | I20: 0 | J20: 3 | K20: 0 | L20: 0 | M20: =0.04*G20+4*H20+0.1*J20-2*L20 -> 26.66
M21: =0.04*G21+4*H21+0.1*J21-2*L21 -> 0
A22: PO1 | B22: Jan 10 | C22: A CAR | D22: W 34-31 (WC) | E22: 42 | F22: 24 | G22: 304 | H22: 3 | I22: 1 | J22: 0 | K22: 0 | L22: 0 | M22: =0.04*G22+4*H22+0.1*J22-2*L22 -> 24.16
A23: PO2 | B23: Jan 18 | C23: A CHI | D23: W 20-17 (DIV) | E23: 42 | F23: 20 | G23: 258 | H23: 0 | I23: 0 | J23: -1 | K23: 0 | L23: 0 | M23: =0.04*G23+4*H23+0.1*J23-2*L23 -> 10.22
A24: PO3 | B24: Jan 25 | C24: A SEA | D24: L 27-31 (NFCCG) | E24: 35 | F24: 22 | G24: 374 | H24: 3 | I24: 0 | J24: 16 | K24: 0 | L24: 0 | M24: =0.04*G24+4*H24+0.1*J24-2*L24 -> 28.56
A25: REG SEASON TOTALS | E25: =SUM(E4:E20) -> 598 | F25: =SUM(F4:F20) -> 388 | G25: =SUM(G4:G20) -> 4707 | H25: =SUM(H4:H20) -> 46 | I25: =SUM(I4:I20) -> 8 | J25: =SUM(J4:J20) -> 1 | K25: =SUM(K4:K20) -> 0 | L25: =SUM(L4:L20) -> 3 | M25: =SUM(M4:M20) -> 366.38
A27: PLAYOFF TOTALS | E27: =SUM(E22:E24) -> 119 | F27: =SUM(F22:F24) -> 66 | G27: =SUM(G22:G24) -> 936 | H27: =SUM(H22:H24) -> 6 | I27: =SUM(I22:I24) -> 1 | J27: =SUM(J22:J24) -> 15 | K27: =SUM(K22:K24) -> 0 | L27: =SUM(L22:L24) -> 0 | M27: =SUM(M22:M24) -> 62.94

Sheet RB - K.Williams
A1: LA Rams 2025 | RB: Kyren Williams — Game-by-Game Stats
A2: Regular Season (W1–W18) + Playoffs | Source: NFL.com
A3: Week | B3: Date | C3: Opp | D3: Result | E3: Rush Att | F3: Rush Yds | G3: Rush TD | H3: Fantasy Score
A4: W1 | B4: Sep 7 | C4: H HOU | D4: W 14-9 | E4: 18 | F4: 66 | G4: 1 | H4: =0.1*F4+6*G4 -> 12.6
A5: W2 | B5: Sep 14 | C5: A TEN | D5: W 33-19 | E5: 17 | F5: 66 | G5: 0 | H5: =0.1*F5+6*G5 -> 6.6
A6: W3 | B6: Sep 21 | C6: A PHI | D6: L 26-33 | E6: 20 | F6: 94 | G6: 0 | H6: =0.1*F6+6*G6 -> 9.4
A7: W4 | B7: Sep 28 | C7: H IND | D7: W 27-20 | E7: 13 | F7: 77 | G7: 0 | H7: =0.1*F7+6*G7 -> 7.7
A8: W5 | B8: Oct 2 | C8: H SF | D8: L 23-26 | E8: 14 | F8: 65 | G8: 0 | H8: =0.1*F8+6*G8 -> 6.5
A9: W6 | B9: Oct 12 | C9: A BAL | D9: W 17-3 | E9: 13 | F9: 50 | G9: 1 | H9: =0.1*F9+6*G9 -> 11
A10: W7 | B10: Oct 19 | C10: A JAC | D10: W 35-7 | E10: 12 | F10: 54 | G10: 0 | H10: =0.1*F10+6*G10 -> 5.4
A11: W9 | B11: Nov 2 | C11: H NO | D11: W 34-10 | E11: 25 | F11: 114 | G11: 1 | H11: =0.1*F11+6*G11 -> 17.4
A12: W10 | B12: Nov 9 | C12: A SF | D12: W 42-26 | E12: 14 | F12: 73 | G12: 2 | H12: =0.1*F12+6*G12 -> 19.3
A13: W11 | B13: Nov 16 | C13: H SEA | D13: W 21-19 | E13: 12 | F13: 91 | G13: 1 | H13: =0.1*F13+6*G13 -> 15.1
A14: W12 | B14: Nov 23 | C14: H TB | D14: W 34-7 | E14: 12 | F14: 46 | G14: 0 | H14: =0.1*F14+6*G14 -> 4.6
A15: W13 | B15: Nov 30 | C15: A CAR | D15: L 28-31 | E15: 13 | F15: 72 | G15: 1 | H15: =0.1*F15+6*G15 -> 13.2
... A20: W18 | B20: Jan 4 | C20: H ARI | D20: W 37-20 | E20: 12 | F20: 60 | G20: 0 | H20: =0.1*F20+6*G20 -> 6
H21: =0.1*F21+6*G21 -> 0
A22: PO1 | B22: Jan 10 | C22: A CAR | D22: W 34-31 (WC) | E22: 13 | F22: 57 | G22: 0 | H22: =0.1*F22+6*G22 -> 5.7
A23: PO2 | B23: Jan 18 | C23: A CHI | D23: W 20-17 (DIV) | E23: 21 | F23: 87 | G23: 2 | H23: =0.1*F23+6*G23 -> 20.7
A24: PO3 | B24: Jan 25 | C24: A SEA | D24: L 27-31 (NFCCG) | E24: 10 | F24: 39 | G24: 0 | H24: =0.1*F24+6*G24 -> 3.9
A25: REG SEASON TOTALS | E25: =SUM(E4:E20) -> 259 | F25: =SUM(F4:F20) -> 1252 | G25: =SUM(G4:G20) -> 10 | H25: =SUM(H4:H20) -> 185.2
A27: PLAYOFF TOTALS | E27: =SUM(E22:E24) -> 44 | F27: =SUM(F22:F24) -> 183 | G27: =SUM(G22:G24) -> 2 | H27: =SUM(H22:H24) -> 30.3

Sheet RB - B.Corum
A1: LA Rams 2025 | RB: Blake Corum — Game-by-Game Stats
A2: Regular Season (W1–W18) + Playoffs | Source: NFL.com
A3: Week | B3: Date | C3: Opp | D3: Result | E3: Rush Att | F3: Rush Yds | G3: Rush TD | H3: Fantasy Score
A4: W1 | B4: Sep 7 | C4: H HOU | D4: W 14-9 | E4: 1 | F4: 2 | G4: 0 | H4: =0.1*F4+6*G4 -> 0.2
A5: W2 | B5: Sep 14 | C5: A TEN | D5: W 33-19 | E5: 5 | F5: 44 | G5: 1 | H5: =0.1*F5+6*G5 -> 10.4
A6: W3 | B6: Sep 21 | C6: A PHI | D6: L 26-33 | E6: 8 | F6: 53 | G6: 0 | H6: =0.1*F6+6*G6 -> 5.3
A7: W4 | B7: Sep 28 | C7: H IND | D7: W 27-20 | E7: 9 | F7: 21 | G7: 0 | H7: =0.1*F7+6*G7 -> 2.1
A8: W5 | B8: Oct 2 | C8: H SF | D8: L 23-26 | E8: 1 | F8: 13 | G8: 0 | H8: =0.1*F8+6*G8 -> 1.3
A9: W6 | B9: Oct 12 | C9: A BAL | D9: W 17-3 | E9: 5 | F9: 23 | G9: 0 | H9: =0.1*F9+6*G9 -> 2.3
A10: W7 | B10: Oct 19 | C10: A JAC | D10: W 35-7 | E10: 12 | F10: 37 | G10: 0 | H10: =0.1*F10+6*G10 -> 3.7
A11: W9 | B11: Nov 2 | C11: H NO | D11: W 34-10 | E11: 13 | F11: 58 | G11: 0 | H11: =0.1*F11+6*G11 -> 5.8
A12: W10 | B12: Nov 9 | C12: A SF | D12: W 42-26 | E12: 13 | F12: 56 | G12: 0 | H12: =0.1*F12+6*G12 -> 5.6
A13: W11 | B13: Nov 16 | C13: H SEA | D13: W 21-19 | E13: 6 | F13: 35 | G13: 0 | H13: =0.1*F13+6*G13 -> 3.5
A14: W12 | B14: Nov 23 | C14: H TB | D14: W 34-7 | E14: 4 | F14: 19 | G14: 1 | H14: =0.1*F14+6*G14 -> 7.9
A15: W13 | B15: Nov 30 | C15: A CAR | D15: L 28-31 | E15: 7 | F15: 81 | G15: 1 | H15: =0.1*F15+6*G15 -> 14.1
... A20: W18 | B20: Jan 4 | C20: H ARI | D20: W 37-20 | E20: 8 | F20: 59 | G20: 1 | H20: =0.1*F20+6*G20 -> 11.9
H21: =0.1*F21+6*G21 -> 0
A22: PO1 | B22: Jan 10 | C22: A CAR | D22: W 34-31 (WC) | E22: 11 | F22: 45 | G22: 0 | H22: =0.1*F22+6*G22 -> 4.5
A23: PO2 | B23: Jan 18 | C23: A CHI | D23: W 20-17 (DIV) | E23: 6 | F23: 19 | G23: 0 | H23: =0.1*F23+6*G23 -> 1.9
A24: PO3 | B24: Jan 25 | C24: A SEA | D24: L 27-31 (NFCCG) | E24: 9 | F24: 55 | G24: 0 | H24: =0.1*F24+6*G24 -> 5.5
A25: REG SEASON TOTALS | E25: =SUM(E4:E20) -> 115 | F25: =SUM(F4:F20) -> 642 | G25: =SUM(G4:G20) -> 5 | H25: =SUM(H4:H20) -> 94.2
A27: PLAYOFF TOTALS | E27: =SUM(E22:E24) -> 26 | F27: =SUM(F22:F24) -> 119 | G27: =SUM(G22:G24) -> 0 | H27: =SUM(H22:H24) -> 11.9

Sheet WR - P.Nacua
A1: LA Rams 2025 | WR: Puka Nacua — Game-by-Game Stats
A2: Regular Season (W1–W18) + Playoffs | Source: NFL.com / CBS Sports *Targets marked N/A where not publicly available in game log
A3: Week | B3: Date | C3: Opp | D3: Result | E3: Touchdowns | F3: Receptions | G3: Rec Yds | H3: Fumbles Lost | I3: Fantasy Score
A4: W1 | B4: Sep 7 | C4: H HOU | D4: W 14-9 | E4: N/A | F4: 10 | G4: 130 | H4: 0 | I4: =F4+0.1*G4+IFERROR(E4*6,0)-2*H4 -> 23
A5: W2 | B5: Sep 14 | C5: A TEN | D5: W 33-19 | E5: N/A | F5: 8 | G5: 91 | H5: 0 | I5: =F5+0.1*G5+IFERROR(E5*6,0)-2*H5 -> 17.1
A6: W3 | B6: Sep 21 | C6: A PHI | D6: L 26-33 | E6: N/A | F6: 11 | G6: 112 | H6: 0 | I6: =F6+0.1*G6+IFERROR(E6*6,0)-2*H6 -> 22.2
A7: W4 | B7: Sep 28 | C7: H IND | D7: W 27-20 | E7: 15 | F7: 13 | G7: 170 | H7: 0 | I7: =F7+0.1*G7+IFERROR(E7*6,0)-2*H7 -> 120
A8: W5 | B8: Oct 2 | C8: H SF | D8: L 23-26 | E8: N/A | F8: 10 | G8: 85 | H8: 0 | I8: =F8+0.1*G8+IFERROR(E8*6,0)-2*H8 -> 18.5
A9: W6 | B9: Oct 12 | C9: A BAL | D9: W 17-3 | E9: N/A | F9: 2 | G9: 28 | H9: 0 | I9: =F9+0.1*G9+IFERROR(E9*6,0)-2*H9 -> 4.8
A10: W7 | B10: Oct 19 | C10: A JAC | D10: W 35-7 | E10: 0 | F10: 0 | G10: 0 | H10: 0 | I10: =F10+0.1*G10+IFERROR(E10*6,0)-2*H10 -> 0
A11: W9 | B11: Nov 2 | C11: H NO | D11: W 34-10 | E11: N/A | F11: 7 | G11: 95 | H11: 0 | I11: =F11+0.1*G11+IFERROR(E11*6,0)-2*H11 -> 16.5
A12: W10 | B12: Nov 9 | C12: A SF | D12: W 42-26 | E12: N/A | F12: 5 | G12: 64 | H12: 0 | I12: =F12+0.1*G12+IFERROR(E12*6,0)-2*H12 -> 11.4
A13: W11 | B13: Nov 16 | C13: H SEA | D13: W 21-19 | E13: N/A | F13: 7 | G13: 75 | H13: 1 | I13: =F13+0.1*G13+IFERROR(E13*6,0)-2*H13 -> 12.5
A14: W12 | B14: Nov 23 | C14: H TB | D14: W 34-7 | E14: N/A | F14: 7 | G14: 97 | H14: 0 | I14: =F14+0.1*G14+IFERROR(E14*6,0)-2*H14 -> 16.7
A15: W13 | B15: Nov 30 | C15: A CAR | D15: L 28-31 | E15: N/A | F15: 6 | G15: 72 | H15: 0 | I15: =F15+0.1*G15+IFERROR(E15*6,0)-2*H15 -> 13.2
A16: W14 | B16: Dec 7 | C16: A ARI | D16: W 45-17 | E16: N/A | F16: 7 | G16: 167 | H16: 0 | I16: =F16+0.1*G16+IFERROR(E16*6,0)-2*H16 -> 23.7
A17: W15 | B17: Dec 14 | C17: H DET | D17: W 41-34 | E17: N/A | F17: 9 | G17: 181 | H17: 0 | I17: =F17+0.1*G17+IFERROR(E17*6,0)-2*H17 -> 27.1
A18: W16 | B18: Dec 18 | C18: A SEA | D18: L 37-38 | E18: N/A | F18: 12 | G18: 225 | H18: 0 | I18: =F18+0.1*G18+IFERROR(E18*6,0)-2*H18 -> 34.5
A19: W17 | B19: Dec 29 | C19: A ATL | D19: L 24-27 | E19: N/A | F19: 5 | G19: 47 | H19: 0 | I19: =F19+0.1*G19+IFERROR(E19*6,0)-2*H19 -> 9.7
A20: W18 | B20: Jan 4 | C20: H ARI | D20: W 37-20 | E20: 11 | F20: 10 | G20: 76 | H20: 0 | I20: =F20+0.1*G20+IFERROR(E20*6,0)-2*H20 -> 83.6
I21: =F21+0.1*G21 -> 0
A22: PO1 | B22: Jan 10 | C22: A CAR | D22: W 34-31 (WC) | E22: N/A | F22: 10 | G22: 111 | H22: 0 | I22: =F22+0.1*G22+IFERROR(E22*6,0)-2*H22 -> 21.1
A23: PO2 | B23: Jan 18 | C23: A CHI | D23: W 20-17 (DIV) | E23: N/A | F23: 5 | G23: 56 | H23: 0 | I23: =F23+0.1*G23+IFERROR(E23*6,0)-2*H23 -> 10.6
A24: PO3 | B24: Jan 25 | C24: A SEA | D24: L 27-31 (NFCCG) | E24: N/A | F24: 9 | G24: 165 | H24: 0 | I24: =F24+0.1*G24+IFERROR(E24*6,0)-2*H24 -> 25.5
A25: REG SEASON TOTALS | E25: — | F25: =SUM(F4:F20) -> 129 | G25: =SUM(G4:G20) -> 1715 | H25: =SUM(H4:H20) -> 1 | I25: =SUM(I4:I20) -> 454.5
A27: PLAYOFF TOTALS | E27: — | F27: =SUM(F22:F24) -> 24 | G27: =SUM(G22:G24) -> 332 | H27: =SUM(H22:H24) -> 0 | I27: =SUM(I22:I24) -> 57.2

Sheet WR - D.Adams
A1: LA Rams 2025 | WR: Davante Adams — Game-by-Game Stats
A2: Regular Season (W1–W18) + Playoffs | Source: NFL.com / CBS Sports *Targets marked N/A where not publicly available in game log
A3: Week | B3: Date | C3: Opp | D3: Result | E3: Targets | F3: Receptions | G3: Rec Yds | H3: Fumbles Lost | I3: Fantasy Score
A4: W1 | B4: Sep 7 | C4: H HOU | D4: W 14-9 | E4: N/A | F4: 4 | G4: 51 | H4: 0 | I4: =F4+0.1*G4+IFERROR(E4*6,0)-2*H4 -> 9.1
A5: W2 | B5: Sep 14 | C5: A TEN | D5: W 33-19 | E5: N/A | F5: 6 | G5: 106 | H5: 0 | I5: =F5+0.1*G5+IFERROR(E5*6,0)-2*H5 -> 16.6
A6: W3 | B6: Sep 21 | C6: A PHI | D6: L 26-33 | E6: N/A | F6: 3 | G6: 56 | H6: 0 | I6: =F6+0.1*G6+IFERROR(E6*6,0)-2*H6 -> 8.6
A7: W4 | B7: Sep 28 | C7: H IND | D7: W 27-20 | E7: N/A | F7: 4 | G7: 56 | H7: 0 | I7: =F7+0.1*G7+IFERROR(E7*6,0)-2*H7 -> 9.6
A8: W5 | B8: Oct 2 | C8: H SF | D8: L 23-26 | E8: N/A | F8: 5 | G8: 88 | H8: 0 | I8: =F8+0.1*G8+IFERROR(E8*6,0)-2*H8 -> 13.8
A9: W6 | B9: Oct 12 | C9: A BAL | D9: W 17-3 | E9: N/A | F9: 4 | G9: 39 | H9: 0 | I9: =F9+0.1*G9+IFERROR(E9*6,0)-2*H9 -> 7.9
A10: W7 | B10: Oct 19 | C10: A JAC | D10: W 35-7 | E10: N/A | F10: 5 | G10: 35 | H10: 0 | I10: =F10+0.1*G10+IFERROR(E10*6,0)-2*H10 -> 8.5
A11: W9 | B11: Nov 2 | C11: H NO | D11: W 34-10 | E11: N/A | F11: 5 | G11: 60 | H11: 0 | I11: =F11+0.1*G11+IFERROR(E11*6,0)-2*H11 -> 11
A12: W10 | B12: Nov 9 | C12: A SF | D12: W 42-26 | E12: N/A | F12: 6 | G12: 77 | H12: 0 | I12: =F12+0.1*G12+IFERROR(E12*6,0)-2*H12 -> 13.7
A13: W11 | B13: Nov 16 | C13: H SEA | D13: W 21-19 | E13: N/A | F13: 1 | G13: 1 | H13: 0 | I13: =F13+0.1*G13+IFERROR(E13*6,0)-2*H13 -> 1.1
A14: W12 | B14: Nov 23 | C14: H TB | D14: W 34-7 | E14: N/A | F14: 5 | G14: 62 | H14: 0 | I14: =F14+0.1*G14+IFERROR(E14*6,0)-2*H14 -> 11.2
A15: W13 | B15: Nov 30 | C15: A CAR | D15: L 28-31 | E15: N/A | F15: 4 | G15: 58 | H15: 0 | I15: =F15+0.1*G15+IFERROR(E15*6,0)-2*H15 -> 9.8
... A17: W15 | B17: Dec 14 | C17: H DET | D17: W 41-34 | E17: N/A | F17: 4 | G17: 71 | H17: 0 | I17: =F17+0.1*G17+IFERROR(E17*6,0)-2*H17 -> 11.1
A18: W16 | B18: Dec 18 | C18: A SEA | D18: L 37-38 | E18: 0 | F18: 0 | G18: 0 | H18: 0 | I18: =F18+0.1*G18+IFERROR(E18*6,0)-2*H18 -> 0
A19: W17 | B19: Dec 29 | C19: A ATL | D19: L 24-27 | E19: 0 | F19: 0 | G19: 0 | H19: 0 | I19: =F19+0.1*G19+IFERROR(E19*6,0)-2*H19 -> 0
A20: W18 | B20: Jan 4 | C20: H ARI | D20: W 37-20 | E20: 0 | F20: 0 | G20: 0 | H20: 0 | I20: =F20+0.1*G20+IFERROR(E20*6,0)-2*H20 -> 0
I21: =F21+0.1*G21 -> 0
A22: PO1 | B22: Jan 10 | C22: A CAR | D22: W 34-31 (WC) | E22: N/A | F22: 5 | G22: 72 | H22: 0 | I22: =F22+0.1*G22+IFERROR(E22*6,0)-2*H22 -> 12.2
A23: PO2 | B23: Jan 18 | C23: A CHI | D23: W 20-17 (DIV) | E23: N/A | F23: 2 | G23: 24 | H23: 0 | I23: =F23+0.1*G23+IFERROR(E23*6,0)-2*H23 -> 4.4
A24: PO3 | B24: Jan 25 | C24: A SEA | D24: L 27-31 (NFCCG) | E24: 6 | F24: 4 | G24: 89 | H24: 0 | I24: =F24+0.1*G24+IFERROR(E24*6,0)-2*H24 -> 48.9
A25: REG SEASON TOTALS | E25: — | F25: =SUM(F4:F20) -> 60 | G25: =SUM(G4:G20) -> 789 | H25: =SUM(H4:H20) -> 0 | I25: =SUM(I4:I20) -> 138.9
A27: PLAYOFF TOTALS | E27: — | F27: =SUM(F22:F24) -> 11 | G27: =SUM(G22:G24) -> 185 | H27: =SUM(H22:H24) -> 0 | I27: =SUM(I22:I24) -> 65.5

Sheet Aggregate Stats
A1: LA RAMS 2025 — OFFENSIVE FANTASY POINTS: AGGREGATE STATS
A2: Standard scoring: Pass Yds ÷25 | Pass TD ×4 | INT ×−2 | Rush/Rec Yds ÷10 | Rush/Rec TD ×6 | Fumble Lost ×−2 | W8 = BYE
A3: Player | B3: Pos | C3: W1 | D3: W2 | E3: W3 | F3: W4 | G3: W5 | H3: W6 | I3: W7 | J3: W9 | K3: W10 | L3: W11 | M3: W12 | N3: W13 | O3: W14 | P3: W15 | Q3: W16 | R3: W17 | S3: W18 | T3: PO1 | U3: PO2 | V3: PO3 | W3: Reg Total | X3: Reg Avg | Y3: PO Total | Z3: Best Game | AA3: Worst Game
A4: M. Stafford | B4: QB | C4: ='QB - Stafford'!M4 -> 11.6 | D4: ='QB - Stafford'!M5 -> 17.32 | E4: ='QB - Stafford'!M6 -> 15.84 | F4: ='QB - Stafford'!M7 -> 27.4 | G4: ='QB - Stafford'!M8 -> 25.56 | H4: ='QB - Stafford'!M9 -> 11.34 | I4: ='QB - Stafford'!M10 -> 27.38 | J4: ='QB - Stafford'!M11 -> 26.84 | K4: ='QB - Stafford'!M12 -> 26.9 | L4: ='QB - Stafford'!M13 -> 13.2 | M4: ='QB - Stafford'!M14 -> 22.92 | N4: ='QB - Stafford'!M15 -> 17.62 | O4: ='QB - Stafford'!M16 -> 23.24 | P4: ='QB - Stafford'!M17 -> 22.92 | Q4: ='QB - Stafford'!M18 -> 30.88 | R4: ='QB - Stafford'!M19 -> 18.76 | S4: ='QB - Stafford'!M20 -> 26.66 | T4: ='QB - Stafford'!M22 -> 24.16 | U4: ='QB - Stafford'!M23 -> 10.22 | V4: ='QB - Stafford'!M24 -> 28.56 | W4: =SUM(C4,D4,E4,F4,G4,H4,I4,J4,K4,L4,M4,N4,O4,P4,Q4,R4,S4) -> 366.38 | X4: 0 | Y4: =SUM(T4,U4,V4) -> 62.94 | Z4: =MAX(C4,D4,E4,F4,G4,H4,I4,J4,K4,L4,M4,N4,O4,P4,Q4,R4,S4,T4,U4,V4) -> 30.88 | AA4: =MIN(C4:V4) -> 10.22
A5: K. Williams | B5: RB | C5: ='RB - K.Williams'!H4 -> 12.6 | D5: ='RB - K.Williams'!H5 -> 6.6 | E5: ='RB - K.Williams'!H6 -> 9.4 | F5: ='RB - K.Williams'!H7 -> 7.7 | G5: ='RB - K.Williams'!H8 -> 6.5 | H5: ='RB - K.Williams'!H9 -> 11 | I5: ='RB - K.Williams'!H10 -> 5.4 | J5: ='RB - K.Williams'!H11 -> 17.4 | K5: ='RB - K.Williams'!H12 -> 19.3 | L5: ='RB - K.Williams'!H13 -> 15.1 | M5: ='RB - K.Williams'!H14 -> 4.6 | N5: ='RB - K.Williams'!H15 -> 13.2 | O5: ='RB - K.Williams'!H16 -> 14.4 | P5: ='RB - K.Williams'!H17 -> 19.8 | Q5: ='RB - K.Williams'!H18 -> 7 | R5: ='RB - K.Williams'!H19 -> 9.2 | S5: ='RB - K.Williams'!H20 -> 6 | T5: ='RB - K.Williams'!H22 -> 5.7 | U5: ='RB - K.Williams'!H23 -> 20.7 | V5: ='RB - K.Williams'!H24 -> 3.9 | W5: =SUM(C5,D5,E5,F5,G5,H5,I5,J5,K5,L5,M5,N5,O5,P5,Q5,R5,S5) -> 185.2 | X5: 0 | Y5: =SUM(T5,U5,V5) -> 30.3 | Z5: =MAX(C5,D5,E5,F5,G5,H5,I5,J5,K5,L5,M5,N5,O5,P5,Q5,R5,S5,T5,U5,V5) -> 20.7 | AA5: =MIN(C5:V5) -> 3.9
A6: B. Corum | B6: RB | C6: ='RB - B.Corum'!H4 -> 0.2 | D6: ='RB - B.Corum'!H5 -> 10.4 | E6: ='RB - B.Corum'!H6 -> 5.3 | F6: ='RB - B.Corum'!H7 -> 2.1 | G6: ='RB - B.Corum'!H8 -> 1.3 | H6: ='RB - B.Corum'!H9 -> 2.3 | I6: ='RB - B.Corum'!H10 -> 3.7 | J6: ='RB - B.Corum'!H11 -> 5.8 | K6: ='RB - B.Corum'!H12 -> 5.6 | L6: ='RB - B.Corum'!H13 -> 3.5 | M6: ='RB - B.Corum'!H14 -> 7.9 | N6: ='RB - B.Corum'!H15 -> 14.1 | O6: ='RB - B.Corum'!H16 -> 1.8 | P6: ='RB - B.Corum'!H17 -> 4.6 | Q6: ='RB - B.Corum'!H18 -> 3.5 | R6: ='RB - B.Corum'!H19 -> 10.2 | S6: ='RB - B.Corum'!H20 -> 11.9 | T6: ='RB - B.Corum'!H22 -> 4.5 | U6: ='RB - B.Corum'!H23 -> 1.9 | V6: ='RB - B.Corum'!H24 -> 5.5 | W6: =SUM(C6,D6,E6,F6,G6,H6,I6,J6,K6,L6,M6,N6,O6,P6,Q6,R6,S6) -> 94.2 | X6: 0 | Y6: =SUM(T6,U6,V6) -> 11.9 | Z6: =MAX(C6,D6,E6,F6,G6,H6,I6,J6,K6,L6,M6,N6,O6,P6,Q6,R6,S6,T6,U6,V6) -> 14.1 | AA6: =MIN(C6:V6) -> 0.2
A7: P. Nacua | B7: WR | C7: ='WR - P.Nacua'!I4 -> 23 | D7: ='WR - P.Nacua'!I5 -> 17.1 | E7: ='WR - P.Nacua'!I6 -> 22.2 | F7: ='WR - P.Nacua'!I7 -> 120 | G7: ='WR - P.Nacua'!I8 -> 18.5 | H7: ='WR - P.Nacua'!I9 -> 4.8 | I7: ='WR - P.Nacua'!I10 -> 0 | J7: ='WR - P.Nacua'!I11 -> 16.5 | K7: ='WR - P.Nacua'!I12 -> 11.4 | L7: ='WR - P.Nacua'!I13 -> 12.5 | M7: ='WR - P.Nacua'!I14 -> 16.7 | N7: ='WR - P.Nacua'!I15 -> 13.2 | O7: ='WR - P.Nacua'!I16 -> 23.7 | P7: ='WR - P.Nacua'!I17 -> 27.1 | Q7: ='WR - P.Nacua'!I18 -> 34.5 | R7: ='WR - P.Nacua'!I19 -> 9.7 | S7: ='WR - P.Nacua'!I20 -> 83.6 | T7: ='WR - P.Nacua'!I22 -> 21.1 | U7: ='WR - P.Nacua'!I23 -> 10.6 | V7: ='WR - P.Nacua'!I24 -> 25.5 | W7: =SUM(C7,D7,E7,F7,G7,H7,I7,J7,K7,L7,M7,N7,O7,P7,Q7,R7,S7) -> 454.5 | X7: 0 | Y7: =SUM(T7,U7,V7) -> 57.2 | Z7: =MAX(C7,D7,E7,F7,G7,H7,I7,J7,K7,L7,M7,N7,O7,P7,Q7,R7,S7,T7,U7,V7) -> 120 | AA7: =MIN(C7:V7) -> 0
A8: D. Adams | B8: WR | C8: ='WR - D.Adams'!I4 -> 9.1 | D8: ='WR - D.Adams'!I5 -> 16.6 | E8: ='WR - D.Adams'!I6 -> 8.6 | F8: ='WR - D.Adams'!I7 -> 9.6 | G8: ='WR - D.Adams'!I8 -> 13.8 | H8: ='WR - D.Adams'!I9 -> 7.9 | I8: ='WR - D.Adams'!I10 -> 8.5 | J8: ='WR - D.Adams'!I11 -> 11 | K8: ='WR - D.Adams'!I12 -> 13.7 | L8: ='WR - D.Adams'!I13 -> 1.1 | M8: ='WR - D.Adams'!I14 -> 11.2 | N8: ='WR - D.Adams'!I15 -> 9.8 | O8: ='WR - D.Adams'!I16 -> 6.9 | P8: ='WR - D.Adams'!I17 -> 11.1 | Q8: ='WR - D.Adams'!I18 -> 0 | R8: ='WR - D.Adams'!I19 -> 0 | S8: ='WR - D.Adams'!I20 -> 0 | T8: ='WR - D.Adams'!I22 -> 12.2 | U8: ='WR - D.Adams'!I23 -> 4.4 | V8: ='WR - D.Adams'!I24 -> 48.9 | W8: =SUM(C8,D8,E8,F8,G8,H8,I8,J8,K8,L8,M8,N8,O8,P8,Q8,R8,S8) -> 138.9 | X8: 0 | Y8: =SUM(T8,U8,V8) -> 65.5 | Z8: =MAX(C8,D8,E8,F8,G8,H8,I8,J8,K8,L8,M8,N8,O8,P8,Q8,R8,S8,T8,U8,V8) -> 48.9 | AA8: =MIN(C8:V8) -> 0
A10: WEEKLY FANTASY RANKINGS — Who led the Rams each week?
A11: Player | B11: Pos | C11: W1 | D11: W2 | E11: W3 | F11: W4 | G11: W5 | H11: W6 | I11: W7 | J11: W9 | K11: W10 | L11: W11 | M11: W12 | N11: W13 | O11: W14 | P11: W15 | Q11: W16 | R11: W17 | S11: W18 | T11: PO1 | U11: PO2 | V11: PO3 | W11: Reg #1 Weeks | X11: Reg Avg Rank | Y11: PO #1 Weeks | Z11: Best Rank | AA11: —
A12: M. Stafford | B12: QB | C12: =RANK(C4, C4:C8) -> 3 | D12: =RANK(D4, D4:D8) -> 1 | E12: =RANK(E4, E4:E8) -> 2 | F12: =RANK(F4, F4:F8) -> 2 | G12: =RANK(G4, G4:G8) -> 1 | H12: =RANK(H4, H4:H8) -> 1 | I12: =RANK(I4, I4:I8) -> 1 | J12: =RANK(J4, J4:J8) -> 1 | ... V12: =RANK(V4, V4:V8) -> 2 | W12: =COUNTIF(C12:S12,1) -> 9 | X12: =AVERAGE(C12:S12) -> 1.5294118 | Y12: =COUNTIF(T12:V12,1) -> 1 | Z12: =MIN(C12:V12) -> 1
A13: K. Williams | B13: RB | C13: =RANK(C5, C4:C8) -> 2 | D13: =RANK(D5, D4:D8) -> 5 | E13: =RANK(E5, E4:E8) -> 3 | F13: =RANK(F5, F4:F8) -> 4 | G13: =RANK(G5, G4:G8) -> 4 | H13: =RANK(H5, H4:H8) -> 2 | I13: =RANK(I5, I4:I8) -> 3 | J13: =RANK(J5, J4:J8) -> 2 | ... V13: =RANK(V5, V4:V8) -> 5 | W13: =COUNTIF(C13:S13,1) -> 1 | X13: =AVERAGE(C13:S13) -> 3.1176471 | Y13: =COUNTIF(T13:V13,1) -> 1 | Z13: =MIN(C13:V13) -> 1
A14: B. Corum | B14: RB | C14: =RANK(C6, C4:C8) -> 5 | D14: =RANK(D6, D4:D8) -> 4 | E14: =RANK(E6, E4:E8) -> 5 | F14: =RANK(F6, F4:F8) -> 5 | G14: =RANK(G6, G4:G8) -> 5 | H14: =RANK(H6, H4:H8) -> 5 | I14: =RANK(I6, I4:I8) -> 4 | J14: =RANK(J6, J4:J8) -> 5 | ... V14: =RANK(V6, V4:V8) -> 4 | W14: =COUNTIF(C14:S14,1) -> 0 | X14: =AVERAGE(C14:S14) -> 4.2352941 | Y14: =COUNTIF(T14:V14,1) -> 0 | Z14: =MIN(C14:V14) -> 2
A15: P. Nacua | B15: WR | C15: =RANK(C7, C4:C8) -> 1 | D15: =RANK(D7, D4:D8) -> 2 | E15: =RANK(E7, E4:E8) -> 1 | F15: =RANK(F7, F4:F8) -> 1 | G15: =RANK(G7, G4:G8) -> 2 | H15: =RANK(H7, H4:H8) -> 4 | I15: =RANK(I7, I4:I8) -> 5 | J15: =RANK(J7, J4:J8) -> 3 | ... V15: =RANK(V7, V4:V8) -> 3 | W15: =COUNTIF(C15:S15,1) -> 7 | X15: =AVERAGE(C15:S15) -> 2.2352941 | Y15: =COUNTIF(T15:V15,1) -> 0 | Z15: =MIN(C15:V15) -> 1
A16: D. Adams | B16: WR | C16: =RANK(C8, C4:C8) -> 4 | D16: =RANK(D8, D4:D8) -> 3 | E16: =RANK(E8, E4:E8) -> 4 | F16: =RANK(F8, F4:F8) -> 3 | G16: =RANK(G8, G4:G8) -> 3 | H16: =RANK(H8, H4:H8) -> 3 | I16: =RANK(I8, I4:I8) -> 2 | J16: =RANK(J8, J4:J8) -> 4 | ... V16: =RANK(V8, V4:V8) -> 1 | W16: =COUNTIF(C16:S16,1) -> 0 | X16: =AVERAGE(C16:S16) -> 3.8235294 | Y16: =COUNTIF(T16:V16,1) -> 1 | Z16: =MIN(C16:V16) -> 1
A18: WIN / LOSS FANTASY SPLIT — Avg Fantasy Pts in Wins vs. Losses (Regular Season)
A19: Player | B19: Pos | C19: Avg in Wins | D19: Avg in Losses | E19: Diff (W−L) | F19: Total in Wins | G19: Total in Losses | H19: Win Games | I19: Loss Games
A20: M. Stafford | B20: QB | C20: =F20/12 -> 21.476667 | D20: =G20/5 -> 21.732 | E20: =C20-D20 -> -0.25533333 | F20: =SUM(C4,D4,F4,H4,I4,J4,K4,L4,M4,O4,P4,S4) -> 257.72 | G20: =SUM(E4,G4,N4,Q4,R4) -> 108.66 | H20: 12 | I20: 5
A21: K. Williams | B21: RB | C21: =F21/12 -> 11.658333 | D21: =G21/5 -> 9.06 | E21: =C21-D21 -> 2.5983333 | F21: =SUM(C5,D5,F5,H5,I5,J5,K5,L5,M5,O5,P5,S5) -> 139.9 | G21: =SUM(E5,G5,N5,Q5,R5) -> 45.3 | H21: 12 | I21: 5
A22: B. Corum | B22: RB | C22: =F22/12 -> 4.9833333 | D22: =G22/5 -> 6.88 | E22: =C22-D22 -> -1.8966667 | F22: =SUM(C6,D6,F6,H6,I6,J6,K6,L6,M6,O6,P6,S6) -> 59.8 | G22: =SUM(E6,G6,N6,Q6,R6) -> 34.4 | H22: 12 | I22: 5
A23: P. Nacua | B23: WR | C23: =F23/12 -> 29.7 | D23: =G23/5 -> 19.62 | E23: =C23-D23 -> 10.08 | F23: =SUM(C7,D7,F7,H7,I7,J7,K7,L7,M7,O7,P7,S7) -> 356.4 | G23: =SUM(E7,G7,N7,Q7,R7) -> 98.1 | H23: 12 | I23: 5
A24: D. Adams | B24: WR | C24: =F24/12 -> 8.8916667 | D24: =G24/5 -> 6.44 | E24: =C24-D24 -> 2.4516667 | F24: =SUM(C8,D8,F8,H8,I8,J8,K8,L8,M8,O8,P8,S8) -> 106.7 | G24: =SUM(E8,G8,N8,Q8,R8) -> 32.2 | H24: 12 | I24: 5
A26: BEST & WORST SINGLE-GAME FANTASY PERFORMANCES (Regular Season + Playoffs)
A27: Player | B27: Pos | C27: Best Score | D27: Best Week | E27: Best Opp | F27: Worst Score | G27: Worst Week | H27: Worst Opp | I27: Median Score | J27: Std Dev | K27: 20+ Pt Games | L27: 30+ Pt Games
A28: M. Stafford | B28: QB | C28: =MAX(C4:V4) -> 30.88 | D28: =INDEX(C3:V3,MATCH(MAX(C4:V4),C4:V4,0)) -> W16 | E28: =INDEX('QB - Stafford'!C:C,MATCH(INDEX(C3:V3,MATCH(MAX(C4:V4),C4:V4,0)),'QB - Stafford'!A:A,0)) -> A SEA | F28: {=MIN(IF(C4:V4>0,C4:V4))} -> 10.22 | G28: {=INDEX(C3:V3,MATCH(MIN(IF(C4:V4>0,C4:V4)),C4:V4,0))} -> PO2 | H28: {=INDEX('QB - Stafford'!C:C,MATCH(INDEX(C3:V3,MATCH(MIN(IF(C4:V4>0,C4:V4)),C4:V4,0)),'QB - Stafford'!A:A,0))} -> A CHI | I28: {=MEDIAN(IF(C4:V4>0,C4:V4))} -> 23.08 | J28: {=STDEV(IF(C4:V4>0,C4:V4))} -> 6.4544725 | K28: =COUNTIF(C4:V4,">=20") -> 12 | L28: =COUNTIF(C4:V4,">=30") -> 1
A29: K. Williams | B29: RB | C29: =MAX(C5:V5) -> 20.7 | D29: =INDEX(C3:V3,MATCH(MAX(C5:V5),C5:V5,0)) -> PO2 | E29: =INDEX('RB - K.Williams'!C:C,MATCH(INDEX(C3:V3,MATCH(MAX(C5:V5),C5:V5,0)),'RB - K.Williams'!A:A,0)) -> A CHI | F29: {=MIN(IF(C5:V5>0,C5:V5))} -> 3.9 | G29: {=INDEX(C3:V3,MATCH(MIN(IF(C5:V5>0,C5:V5)),C5:V5,0))} -> PO3 | H29: {=INDEX('RB - K.Williams'!C:C,MATCH(INDEX(C3:V3,MATCH(MIN(IF(C5:V5>0,C5:V5)),C5:V5,0)),'RB - K.Williams'!A:A,0))} -> A SEA | I29: {=MEDIAN(IF(C5:V5>0,C5:V5))} -> 9.3 | J29: {=STDEV(IF(C5:V5>0,C5:V5))} -> 5.4495654 | K29: =COUNTIF(C5:V5,">=20") -> 1 | L29: =COUNTIF(C5:V5,">=30") -> 0
A30: B. Corum | B30: RB | C30: =MAX(C6:V6) -> 14.1 | D30: =INDEX(C3:V3,MATCH(MAX(C6:V6),C6:V6,0)) -> W13 | E30: =INDEX('RB - B.Corum'!C:C,MATCH(INDEX(C3:V3,MATCH(MAX(C6:V6),C6:V6,0)),'RB - B.Corum'!A:A,0)) -> A CAR | F30: {=MIN(IF(C6:V6>0,C6:V6))} -> 0.2 | G30: {=INDEX(C3:V3,MATCH(MIN(IF(C6:V6>0,C6:V6)),C6:V6,0))} -> W1 | H30: {=INDEX('RB - B.Corum'!C:C,MATCH(INDEX(C3:V3,MATCH(MIN(IF(C6:V6>0,C6:V6)),C6:V6,0)),'RB - B.Corum'!A:A,0))} -> H HOU | I30: {=MEDIAN(IF(C6:V6>0,C6:V6))} -> 4.55 | J30: {=STDEV(IF(C6:V6>0,C6:V6))} -> 3.7932731 | K30: =COUNTIF(C6:V6,">=20") -> 0 | L30: =COUNTIF(C6:V6,">=30") -> 0
A31: P. Nacua | B31: WR | C31: =MAX(C7:V7) -> 120 | D31: =INDEX(C3:V3,MATCH(MAX(C7:V7),C7:V7,0)) -> W4 | E31: =INDEX('WR - P.Nacua'!C:C,MATCH(INDEX(C3:V3,MATCH(MAX(C7:V7),C7:V7,0)),'WR - P.Nacua'!A:A,0)) -> H IND | F31: {=MIN(IF(C7:V7>0,C7:V7))} -> 4.8 | G31: {=INDEX(C3:V3,MATCH(MIN(IF(C7:V7>0,C7:V7)),C7:V7,0))} -> W6 | H31: {=INDEX('WR - P.Nacua'!C:C,MATCH(INDEX(C3:V3,MATCH(MIN(IF(C7:V7>0,C7:V7)),C7:V7,0)),'WR - P.Nacua'!A:A,0))} -> A BAL | I31: {=MEDIAN(IF(C7:V7>0,C7:V7))} -> 18.5 | J31: {=STDEV(IF(C7:V7>0,C7:V7))} -> 27.975645 | K31: =COUNTIF(C7:V7,">=20") -> 9 | L31: =COUNTIF(C7:V7,">=30") -> 3
A32: D. Adams | B32: WR | C32: =MAX(C8:V8) -> 48.9 | D32: =INDEX(C3:V3,MATCH(MAX(C8:V8),C8:V8,0)) -> PO3 | E32: =INDEX('WR - D.Adams'!C:C,MATCH(INDEX(C3:V3,MATCH(MAX(C8:V8),C8:V8,0)),'WR - D.Adams'!A:A,0)) -> A SEA | F32: {=MIN(IF(C8:V8>0,C8:V8))} -> 1.1 | G32: {=INDEX(C3:V3,MATCH(MIN(IF(C8:V8>0,C8:V8)),C8:V8,0))} -> W11 | H32: {=INDEX('WR - D.Adams'!C:C,MATCH(INDEX(C3:V3,MATCH(MIN(IF(C8:V8>0,C8:V8)),C8:V8,0)),'WR - D.Adams'!A:A,0))} -> H SEA | I32: {=MEDIAN(IF(C8:V8>0,C8:V8))} -> 9.8 | J32: {=STDEV(IF(C8:V8>0,C8:V8))} -> 10.166091 | K32: =COUNTIF(C8:V8,">=20") -> 1 | L32: =COUNTIF(C8:V8,">=30") -> 1
